<!--ResEdit configuration file-->
<config>
    <recentFiles />
    <language>English</language>
    <singleTabMode value="false" />
    <wizard value="true" />
    <createProjectFolder value="true" />
    <defaultProjectPath value="" />
    <headerName></headerName>
    <includes />
    <display>
        <autoSaveLayout value="true" />
        <maximized value="false" />
    </display>
    <codeGeneration>
        <unicode support="false" macro="" />
        <encoding value="0" />
        <defaultLanguage value="0" />
        <insertBom value="false" />
        <generateLanguageStatements value="true" />
        <generateDlgFiles value="false" />
        <generateID value="false" />
        <generateControl value="false" />
        <pascal value="false" />
        <asmDefine value="false" />
        <dialogEx value="false" />
        <menuEx value="false" />
        <askIncludes value="false" />
        <resourceHeader>
            <![CDATA[#include <windows.h>
#include <commctrl.h>
#include <richedit.h>
#include "%RESOURCE_HEADER%"

%RESOURCES%]]>
</resourceHeader>
    </codeGeneration>
    <autoCheckUpdate value="false" />
    <dialog autoResizeType="0" bkColor="-1">
        <grid width="5" height="5" visible="false" />
        <margin size="7" visible="false" />
        <snap sepSize="5" smallSepSize="2" visible="false" />
        <default type="Animation" width="20" height="20" name="" id="IDD_ANIMATION" forceControlStatement="false" />
        <default type="Button" width="50" height="14" name="Button" id="IDC_BUTTON" forceControlStatement="false" />
        <default type="CheckBox" width="48" height="8" name="Check" id="IDC_CHECKBOX" forceControlStatement="false" />
        <default type="ComboBox" width="48" height="30" name="" id="IDC_COMBO" forceControlStatement="false" />
        <default type="CommandLink" width="100" height="25" name="Command" id="IDC_COMMAND" forceControlStatement="false" />
        <default type="Custom Control" width="20" height="20" name="" id="IDC_CUSTOM" forceControlStatement="false" />
        <default type="Date Time Picker" width="100" height="15" name="" id="IDC_DATETIMEPICKER" forceControlStatement="false" />
        <default type="Edit Control" width="40" height="14" name="" id="IDC_EDIT" forceControlStatement="false" />
        <default type="Group Box" width="48" height="40" name="Static" id="IDC_STATIC" forceControlStatement="false" />
        <default type="Hot Key" width="80" height="14" name="" id="IDC_HOTKEY" forceControlStatement="false" />
        <default type="IP Address Control" width="100" height="15" name="" id="IDC_IPADDRESS" forceControlStatement="false" />
        <default type="ListBox" width="48" height="40" name="" id="IDC_LIST" forceControlStatement="false" />
        <default type="ListView Control" width="60" height="50" name="" id="IDC_LIST" forceControlStatement="false" />
        <default type="Month Calendar" width="140" height="100" name="" id="IDC_MONTHCALENDAR" forceControlStatement="false" />
        <default type="Picture Control" width="20" height="20" name="" id="IDC_STATIC" forceControlStatement="false" />
        <default type="Progress Bar" width="80" height="14" name="" id="IDC_PROGRESS" forceControlStatement="false" />
        <default type="Radio Button" width="20" height="8" name="Radio" id="IDC_RADIO" forceControlStatement="false" />
        <default type="Rebar Control" width="20" height="20" name="" id="IDC_REBAR" forceControlStatement="false" />
        <default type="Rich Edit 2" width="40" height="14" name="" id="IDC_RICHEDIT" forceControlStatement="false" />
        <default type="Scroll Bar" width="11" height="40" name="" id="IDC_SCROLLBAR" forceControlStatement="false" />
        <default type="Slider Control" width="100" height="15" name="" id="IDC_SLIDER" forceControlStatement="false" />
        <default type="Spin Control" width="11" height="14" name="" id="IDC_SPIN" forceControlStatement="false" />
        <default type="Static Text" width="20" height="20" name="Static" id="IDC_STATIC" forceControlStatement="false" />
        <default type="Tab Control" width="50" height="30" name="" id="IDC_TAB" forceControlStatement="false" />
        <default type="TreeView Control" width="60" height="50" name="" id="IDC_TREE" forceControlStatement="false" />
    </dialog>
    <imageEditor>
        <pixelGrid value="true" />
        <textureGrid value="true" color1="0x00CCCCCC" color2="0x00FFFFFF" />
        <background color="0x00F5DCD7" />
        <invertBackground color="0x008040FF" />
    </imageEditor>
</config>
